{ "e_pa_to_hau":[ { "lyric" : "E pā tō hau he wini raro, He hōmai aroha,", "file" : "audio/e_pa_to_hau1.m4a"},
  { "lyric" : "Kia tangi atu au i konei, He aroha ki te iwi,", "file" : "audio/e_pa_to_hau2.m4a"},
  { "lyric" : "Ka momotu ki tawhiti ki Paerau, Ko wai e kite atu?", "file" : "audio/e_pa_to_hau3.m4a"},
  { "lyric" : "Kei whea aku hoa i mua rā, I te tōnuitanga?", "file" : "audio/e_pa_to_hau4.m4a"},
  { "lyric" : "Ka haramai tēnei ka tauwehe, Ka raungaiti au, e.", "file" : "audio/e_pa_to_hau5.m4a"}
] }