{ "e_pa_to_hau":[ { "lyric" : "E pā tō hau he wini raro, He hōmai aroha,", "file" : "audio/e_pa_to_hau1.m4a"},
  { "lyric" : "Kia tangi atu au i konei, He aroha ki te iwi,", "file" : "audio/e_pa_to_hau2.m4a"},
  { "lyric" : "Ka momotu ki tawhiti ki Paerau, Ko wai e kite atu?", "file" : "audio/e_pa_to_hau3.m4a"},
  { "lyric" : "Kei whea aku hoa i mua rā, I te tōnuitanga?", "file" : "audio/e_pa_to_hau4.m4a"},
  { "lyric" : "Ka haramai tēnei ka tauwehe, Ka raungaiti au, e.", "file" : "audio/e_pa_to_hau5.m4a"}
] ,
"tera_ia_nga_tai_o_honipaka" : [
  { "lyric" : "tera_ia_nga_tai_o_honipaka_1", "file" : "audio/tera_ia_nga_tai_o_honipaka_1.mp3"},
  { "lyric" : "tera_ia_nga_tai_o_honipaka_2", "file" : "audio/tera_ia_nga_tai_o_honipaka_2.mp3"},
  { "lyric" : "tera_ia_nga_tai_o_honipaka_3", "file" : "audio/tera_ia_nga_tai_o_honipaka_3.mp3"},
  { "lyric" : "tera_ia_nga_tai_o_honipaka_4", "file" : "audio/tera_ia_nga_tai_o_honipaka_4.mp3"},
  { "lyric" : "tera_ia_nga_tai_o_honipaka_5", "file" : "audio/tera_ia_nga_tai_o_honipaka_5.mp3"},
  { "lyric" : "tera_ia_nga_tai_o_honipaka_6", "file" : "audio/tera_ia_nga_tai_o_honipaka_6.mp3"},
  { "lyric" : "tera_ia_nga_tai_o_honipaka_7", "file" : "audio/tera_ia_nga_tai_o_honipaka_7.mp3"},
  { "lyric" : "tera_ia_nga_tai_o_honipaka_8", "file" : "audio/tera_ia_nga_tai_o_honipaka_8.mp3"},
  { "lyric" : "tera_ia_nga_tai_o_honipaka_9", "file" : "audio/tera_ia_nga_tai_o_honipaka_9.mp3"},
  { "lyric" : "tera_ia_nga_tai_o_honipaka_10", "file" : "audio/tera_ia_nga_tai_o_honipaka_10.mp3"},
  { "lyric" : "tera_ia_nga_tai_o_honipaka_11", "file" : "audio/tera_ia_nga_tai_o_honipaka_11.mp3"},
  { "lyric" : "tera_ia_nga_tai_o_honipaka_12", "file" : "audio/tera_ia_nga_tai_o_honipaka_12.mp3"},
  { "lyric" : "tera_ia_nga_tai_o_honipaka_13", "file" : "audio/tera_ia_nga_tai_o_honipaka_13.mp3"}
]
}