{ "e_pa_to_hau":
 [ { "lyric" : "E pā tō hau he wini raro, He hōmai aroha,", "file" : "audio/e_pa_to_hau1.m4a"},
  { "lyric" : "Kia tangi atu au i konei, He aroha ki te iwi,", "file" : "audio/e_pa_to_hau2.m4a"},
  { "lyric" : "Ka momotu ki tawhiti ki Paerau, Ko wai e kite atu?", "file" : "audio/e_pa_to_hau3.m4a"},
  { "lyric" : "Kei whea aku hoa i mua rā, I te tōnuitanga?", "file" : "audio/e_pa_to_hau4.m4a"},
  { "lyric" : "Ka haramai tēnei ka tauwehe, Ka raungaiti au, e.", "file" : "audio/e_pa_to_hau5.m4a"}
]  ,
"tera_ia_nga_tai_o_honipaka" : [
  { "lyric" : "Tērā ia nga tai o Honipaka, Ka wehe koe i ahau e", "file" : "audio/tera_ia_nga_tai_o_honipaka_1.mp3"},
  { "lyric" : "He whakamaunga atu nāku, Te ao ka takawe, Na runga mai o te motu", "file" : "audio/tera_ia_nga_tai_o_honipaka_2.mp3"},
  { "lyric" : "E tū noa mai rā koe i ahau, e", "file" : "audio/tera_ia_nga_tai_o_honipaka_3.mp3"},
  { "lyric" : "Nāku ia rā koe i waiho i taku whenua iti", "file" : "audio/tera_ia_nga_tai_o_honipaka_4.mp3"},
  { "lyric" : "Te rokohanga, te Taranga i a tāua", "file" : "audio/tera_ia_nga_tai_o_honipaka_5.mp3"},
  { "lyric" : "Ka mihi mamao au ki te iwi rā ia", "file" : "audio/tera_ia_nga_tai_o_honipaka_6.mp3"},
  { "lyric" : "Moe noa mai i te moenga roa", "file" : "audio/tera_ia_nga_tai_o_honipaka_7.mp3"},
  { "lyric" : "Ka paria e te tai, piki tū, piki rere, piki takina mai rā", "file" : "audio/tera_ia_nga_tai_o_honipaka_8.mp3"},
  { "lyric" : "Te kawea au e te tere Te Kawau i Muriwhenua", "file" : "audio/tera_ia_nga_tai_o_honipaka_9.mp3"},
  { "lyric" : "Tēnā taku manu, he manu ka ōngā noa", "file" : "audio/tera_ia_nga_tai_o_honipaka_10.mp3"},
  { "lyric" : "Runa ki te whare, te hau o Matariki", "file" : "audio/tera_ia_nga_tai_o_honipaka_11.mp3"},
  { "lyric" : "Mā te whare-po-rutu-e", "file" : "audio/tera_ia_nga_tai_o_honipaka_12.mp3"},
  { "lyric" : "Mā te rahi Ati Awa, E kautere mai rā", "file" : "audio/tera_ia_nga_tai_o_honipaka_13.mp3"},
  { "lyric" : "Whakaurupā taku aroha, nā i", "file" : "audio/tera_ia_nga_tai_o_honipaka_14.mp3"}
] ,
  "e_whatoro_ana" : [
    { "lyric" : "E whatoro ana te ngākau", "file" : "audio/e_whatoro_ana_1.mp3" },
    { "lyric" : "Ki a rātou o te waahi ngaro", "file" : "audio/e_whatoro_ana_2.mp3" },
    { "lyric" : "Kia tau mai nei te manaakitanga", "file" : "audio/e_whatoro_ana_3.mp3" },
    { "lyric" : "Ki runga ki tēnei huihuinga", "file" : "audio/e_whatoro_ana_4.mp3" },
    { "lyric" : "Tawhirotia mātou i", "file" : "audio/e_whatoro_ana_5.mp3" },
    { "lyric" : "Kakahu taketake", "file" : "audio/e_whatoro_ana_6.mp3" },
    { "lyric" : "O te mana atua", "file" : "audio/e_whatoro_ana_7.mp3" },
    { "lyric" : "O te mana ariki", "file" : "audio/e_whatoro_ana_8.mp3" },
    { "lyric" : "Tūturi kia Rongo whakamau", "file" : "audio/e_whatoro_ana_9.mp3" },
    { "lyric" : "Kia tina, tina hui e, taiki e", "file" : "audio/e_whatoro_ana_10.mp3" }
  ] ,
  "te_roa_o_te_po" : [
    { "lyric" : "Te roa o te pō e oho ai au", "file" : "te_roa_o_te_po_1.mp3" } ,
    { "lyric" : "He rau tahuritanga i konei Tūkino", "file" : "te_roa_o_te_po_2.mp3" } ,
    { "lyric" : "Tōu hohoro mai te hinapōuri", "file" : "te_roa_o_te_po_3.mp3" } ,
    { "lyric" : "Ko te āhua kau e kite atu ai", "file" : "te_roa_o_te_po_4.mp3" } ,
    { "lyric" : "Whano rawa ka nunumi, he wairua haere", "file" : "te_roa_o_te_po_5.mp3" } ,
    { "lyric" : "Kei roto mai te papaki kia mau rawa mai", "file" : "te_roa_o_te_po_6.mp3" } ,
    { "lyric" : "Hei hoa pono koe mōku nei ki te whare", "file" : "te_roa_o_te_po_7.mp3" } ,
    { "lyric" : "E moea iho nei ko tō tinana tonu", "file" : "te_roa_o_te_po_8.mp3" } ,
    { "lyric" : "Angiangi hauraro e tuku mai te hiwi", "file" : "te_roa_o_te_po_9.mp3" } ,
    { "lyric" : "O Ngongotahā rā, te oha noa", "file" : "te_roa_o_te_po_10.mp3" } ,
    { "lyric" : "Taku nei titiro te puia i Whakahinga", "file" : "te_roa_o_te_po_11.mp3" } ,
    { "lyric" : "Tū mai i konā mā te hautotanga koe", "file" : "te_roa_o_te_po_12.mp3" } ,
    { "lyric" : "E whiu ki te rae o Tahere rā ia", "file" : "te_roa_o_te_po_13.mp3" } ,
    { "lyric" : "Whai noa atu ana ka huri atu nā koe nā", "file" : "te_roa_o_te_po_14.mp3" } ,
    { "lyric" : "Tera te pūkohu tāiri ana mai", "file" : "te_roa_o_te_po_15.mp3" } ,
    { "lyric" : "tara ki Tautari, kia tangi atu au", "file" : "te_roa_o_te_po_16.mp3" } ,
    { "lyric" : "Me tangi me aha te makau", "file" : "te_roa_o_te_po_17.mp3" } ,
    { "lyric" : "Ka wehe ka tatara rawa koe ki taku tinana nui", "file" : "te_roa_o_te_po_18.mp3" } ,
    { "lyric" : "Ka riua tēnei te hiwi ki Tāiri", "file" : "te_roa_o_te_po_19.mp3" } ,
    { "lyric" : "Ka hoki mai te manako huri atu ai koe nā", "file" : "te_roa_o_te_po_20.mp3" }
  ] ,
  "toea_mai_ra" : [
    { "lyric" : "Toea mai rā te ata i Kapiti", "file" : "toea_mai_ra_1.mp3" } ,
    { "lyric" : "Engia ko te hoa ko taku whenua tupu", "file" : "toea_mai_ra_2.mp3" } ,
    { "lyric" : "I kapakapa atu ai te tau o taku ate", "file" : "toea_mai_ra_3.mp3" } ,
    { "lyric" : "Nā Tūmatapōngia, nā Tumatawarea", "file" : "toea_mai_ra_4.mp3" } ,
    { "lyric" : "Warea te ngākau i haere ai koe nā", "file" : "toea_mai_ra_5.mp3" } ,
    { "lyric" : "Moe ana te huia", "file" : "toea_mai_ra_6.mp3" } ,
    { "lyric" : "tangi ana te kōtuku", "file" : "toea_mai_ra_7.mp3" } ,
    { "lyric" : "I runga o Tītere", "file" : "toea_mai_ra_8.mp3" } ,
    { "lyric" : "He au here toroa nā", "file" : "toea_mai_ra_9.mp3" }
  ] ,
  "moe_hurihuri" : [
    { "lyric" : "Moe hurihuri ai taku moe ki te whare", "file" : "moe_hurihuri_1.mp3" } ,
    { "lyric" : "kei whea te tau i aropiri rā", "file" : "moe_hurihuri_2.mp3" } ,
    { "lyric" : "I ngā rangi rā o te tuatahitanga?", "file" : "moe_hurihuri_3.mp3" } ,
    { "lyric" : "Ka haramai tēnei, ka tauwehe", "file" : "moe_hurihuri_4.mp3" } ,
    { "lyric" : "He hanga hua noa te roimata i aku kamo", "file" : "moe_hurihuri_5.mp3" } ,
    { "lyric" : "nō te mea ia rā ka whāmamao", "file" : "moe_hurihuri_6.mp3" } ,
    { "lyric" : "Horahia te titiro whakawaho", "file" : "moe_hurihuri_7.mp3" } ,
    { "lyric" : "Ki Kārewa rā, au rerenga hipi", "file" : "moe_hurihuri_8.mp3" } ,
    { "lyric" : "Ki Poihākena, ka whakaaokapua", "file" : "moe_hurihuri_9.mp3" } ,
    { "lyric" : "Te ripa tau ārai ki Ōropi", "file" : "moe_hurihuri_10.mp3" } ,
    { "lyric" : "Ki te makau rā e moea iho", "file" : "moe_hurihuri_11.mp3" } ,
    { "lyric" : "E awhi reinga ana i raro rā", "file" : "moe_hurihuri_12.mp3" } ,
    { "lyric" : "Ka hewa au, e koro kai te ao...i", "file" : "moe_hurihuri_13.mp3" }
  ]}
